LotArea,YearBuilt,NumRooms,Bathrooms,GarageArea,Neighborhood,HouseStyle,SalePrice
17795.0,1973.0,9.0,2.0,301.0,Rural,Bungalow,459698.0
2860.0,1979.0,5.0,1.0,390.0,Suburb,2Story,
7390.0,2008.0,9.0,1.0,762.0,Rural,2Story,469942.0
13964.0,1963.0,6.0,2.0,280.0,Rural,Bungalow,408474.0
13284.0,1958.0,5.0,2.0,688.0,Suburb,1Story,349141.0
8265.0,1989.0,4.0,3.0,287.0,Downtown,2Story,449903.0
18850.0,2015.0,8.0,3.0,393.0,Rural,Bungalow,299488.0
6426.0,1974.0,3.0,2.0,303.0,Rural,Bungalow,356139.0
16423.0,2022.0,9.0,1.0,295.0,Downtown,2Story,448951.0
13363.0,1971.0,4.0,1.0,622.0,Downtown,1Story,395457.0
18023.0,1953.0,7.0,1.0,397.0,Suburb,2Story,409044.0
10322.0,1975.0,9.0,1.0,200.0,Suburb,1Story,178840.0
3685.0,2007.0,2.0,1.0,606.0,Suburb,1Story,265767.0
2769.0,1978.0,8.0,3.0,577.0,Downtown,1Story,261297.0
4433.0,1986.0,2.0,2.0,366.0,Rural,1Story,448216.0
7311.0,2019.0,5.0,3.0,708.0,Rural,2Story,458511.0
7051.0,1967.0,8.0,1.0,512.0,Suburb,Bungalow,149156.0
8420.0,1991.0,9.0,1.0,792.0,Downtown,Bungalow,308281.0
19568.0,1990.0,6.0,1.0,617.0,Rural,Bungalow,187453.0
8396.0,1987.0,4.0,1.0,676.0,Suburb,Bungalow,258901.0
10666.0,1983.0,6.0,2.0,272.0,Rural,Bungalow,125938.0
4747.0,1966.0,9.0,1.0,340.0,Rural,Bungalow,159164.0
2189.0,1986.0,5.0,2.0,781.0,Downtown,2Story,299271.0
5005.0,1974.0,2.0,1.0,461.0,Downtown,1Story,160282.0
3899.0,1976.0,8.0,2.0,539.0,Rural,Bungalow,409945.0
3267.0,2006.0,6.0,3.0,507.0,Suburb,2Story,365470.0
19912.0,1980.0,9.0,1.0,444.0,Downtown,Bungalow,496875.0
13394.0,1955.0,6.0,2.0,714.0,Rural,Bungalow,258666.0
5556.0,1989.0,9.0,3.0,536.0,Downtown,1Story,215819.0
5890.0,1961.0,2.0,1.0,774.0,Downtown,1Story,366907.0
10838.0,2002.0,8.0,1.0,760.0,Downtown,1Story,241900.0
16502.0,2020.0,4.0,1.0,275.0,Rural,Bungalow,409732.0
12627.0,1959.0,2.0,2.0,374.0,Suburb,Bungalow,373365.0
10792.0,1994.0,6.0,2.0,308.0,Suburb,Bungalow,113569.0
12555.0,1966.0,4.0,3.0,382.0,Suburb,1Story,327966.0
12253.0,1975.0,9.0,2.0,391.0,Downtown,2Story,137860.0
10433.0,2011.0,4.0,2.0,264.0,Rural,Bungalow,302630.0
12233.0,1995.0,9.0,1.0,673.0,Downtown,Bungalow,407481.0
13016.0,2013.0,2.0,1.0,299.0,Suburb,Bungalow,244587.0
4612.0,1951.0,6.0,1.0,743.0,Suburb,2Story,171695.0
17787.0,2003.0,5.0,1.0,327.0,Rural,Bungalow,353078.0
19159.0,2014.0,6.0,1.0,651.0,Downtown,2Story,342599.0
14206.0,2000.0,9.0,1.0,568.0,Suburb,Bungalow,468893.0
10226.0,2002.0,3.0,1.0,242.0,Rural,2Story,255976.0
16541.0,1985.0,8.0,3.0,618.0,Downtown,Bungalow,291007.0
5152.0,1975.0,7.0,3.0,687.0,Downtown,1Story,
3585.0,1978.0,5.0,3.0,277.0,Suburb,1Story,430724.0
5943.0,1970.0,4.0,3.0,469.0,Suburb,1Story,105636.0
3021.0,1960.0,5.0,1.0,514.0,Downtown,1Story,361578.0
13653.0,1989.0,8.0,3.0,367.0,Downtown,Bungalow,439273.0
12805.0,1960.0,4.0,1.0,538.0,Suburb,1Story,496108.0
15417.0,1985.0,8.0,3.0,392.0,Downtown,2Story,383816.0
9989.0,2008.0,4.0,2.0,652.0,Suburb,1Story,367956.0
11692.0,1988.0,5.0,3.0,482.0,Downtown,1Story,327693.0
14990.0,2003.0,4.0,3.0,535.0,Suburb,1Story,100654.0
8873.0,2004.0,4.0,1.0,589.0,Rural,Bungalow,154633.0
7675.0,1973.0,3.0,3.0,724.0,Suburb,1Story,117143.0
2161.0,1971.0,6.0,2.0,439.0,Suburb,2Story,155934.0
6297.0,2018.0,6.0,1.0,682.0,Rural,1Story,429478.0
2995.0,2005.0,7.0,1.0,791.0,Downtown,1Story,203463.0
13534.0,1982.0,7.0,3.0,754.0,Rural,1Story,225851.0
9629.0,1985.0,9.0,1.0,657.0,Suburb,2Story,129087.0
3016.0,1969.0,9.0,1.0,288.0,Downtown,1Story,242690.0
10529.0,2011.0,9.0,1.0,294.0,Rural,2Story,370590.0
19262.0,2022.0,3.0,1.0,651.0,Downtown,2Story,464271.0
11268.0,1975.0,7.0,1.0,627.0,Downtown,1Story,411011.0
14185.0,2015.0,8.0,1.0,350.0,Rural,2Story,422245.0
,2022.0,9.0,2.0,713.0,Downtown,Bungalow,258272.0
10571.0,2022.0,9.0,3.0,575.0,Rural,1Story,326179.0
9208.0,1989.0,5.0,2.0,221.0,Suburb,1Story,
7276.0,1966.0,2.0,1.0,512.0,Downtown,2Story,292537.0
18448.0,1950.0,8.0,1.0,718.0,Suburb,2Story,317508.0
18216.0,2010.0,9.0,3.0,405.0,Suburb,1Story,
10006.0,1992.0,9.0,2.0,574.0,Downtown,Bungalow,450036.0
4568.0,1991.0,9.0,3.0,650.0,Rural,2Story,319631.0
4027.0,1974.0,2.0,2.0,794.0,Downtown,2Story,482188.0
4695.0,1988.0,2.0,1.0,378.0,Suburb,Bungalow,139148.0
17422.0,1984.0,3.0,3.0,409.0,Suburb,Bungalow,445072.0
7258.0,1952.0,8.0,3.0,699.0,Rural,1Story,251770.0
8736.0,1993.0,3.0,1.0,663.0,Downtown,Bungalow,413804.0
2391.0,2000.0,4.0,3.0,323.0,Suburb,1Story,397594.0
15986.0,1961.0,2.0,2.0,312.0,Suburb,Bungalow,287535.0
14666.0,1968.0,5.0,2.0,211.0,Suburb,2Story,395901.0
7892.0,1993.0,7.0,2.0,325.0,Rural,1Story,178012.0
5561.0,2008.0,5.0,2.0,764.0,Suburb,1Story,468894.0
8184.0,1998.0,7.0,1.0,530.0,Suburb,1Story,489187.0
10392.0,2010.0,2.0,3.0,482.0,Downtown,Bungalow,156116.0
15067.0,1966.0,2.0,2.0,339.0,Downtown,2Story,244233.0
17265.0,2006.0,2.0,1.0,600.0,Suburb,1Story,132152.0
4454.0,2004.0,3.0,3.0,296.0,Suburb,1Story,206379.0
13837.0,1996.0,8.0,3.0,716.0,Downtown,1Story,326905.0
16039.0,1961.0,7.0,1.0,768.0,Rural,1Story,120836.0
12965.0,2011.0,8.0,1.0,268.0,Rural,2Story,321439.0
11762.0,1957.0,3.0,2.0,317.0,Rural,Bungalow,286720.0
7056.0,1970.0,3.0,3.0,258.0,Rural,2Story,257403.0
16948.0,2019.0,6.0,3.0,232.0,Rural,1Story,241835.0
10110.0,2021.0,5.0,1.0,517.0,Rural,2Story,431588.0
15773.0,1974.0,5.0,3.0,249.0,Rural,1Story,193109.0
19412.0,1961.0,4.0,2.0,688.0,Rural,Bungalow,250259.0
2502.0,1964.0,9.0,3.0,218.0,Downtown,Bungalow,243029.0
8910.0,2008.0,3.0,1.0,396.0,Rural,Bungalow,497595.0
14685.0,1975.0,7.0,1.0,649.0,Rural,1Story,182018.0
2206.0,1975.0,6.0,2.0,758.0,Rural,2Story,223076.0
19868.0,1996.0,6.0,2.0,651.0,Suburb,Bungalow,258177.0
17934.0,1981.0,9.0,3.0,488.0,Downtown,1Story,494093.0
19247.0,1959.0,8.0,3.0,340.0,Downtown,1Story,279425.0
10755.0,1965.0,9.0,1.0,283.0,Downtown,2Story,445932.0
14383.0,2020.0,9.0,2.0,590.0,Rural,Bungalow,459014.0
16820.0,1966.0,9.0,2.0,790.0,Rural,1Story,315657.0
9574.0,1972.0,5.0,2.0,414.0,Suburb,2Story,445452.0
8374.0,1975.0,3.0,3.0,725.0,Downtown,Bungalow,420057.0
3678.0,1956.0,4.0,2.0,414.0,Rural,2Story,102637.0
3059.0,1963.0,3.0,1.0,602.0,Downtown,2Story,404169.0
18198.0,1956.0,8.0,1.0,327.0,Suburb,1Story,337989.0
11914.0,1958.0,2.0,3.0,676.0,Suburb,1Story,332259.0
12817.0,1997.0,9.0,3.0,603.0,Suburb,1Story,461652.0
12921.0,2021.0,3.0,2.0,228.0,Downtown,2Story,182464.0
11789.0,2008.0,8.0,3.0,537.0,Rural,1Story,390886.0
18312.0,1988.0,2.0,1.0,560.0,Rural,2Story,111831.0
13252.0,1967.0,2.0,2.0,768.0,Suburb,2Story,213768.0
4693.0,2008.0,9.0,1.0,591.0,Rural,1Story,346983.0
15931.0,1966.0,4.0,2.0,417.0,Suburb,Bungalow,447236.0
5627.0,1963.0,7.0,3.0,773.0,Downtown,Bungalow,453023.0
18157.0,1980.0,5.0,2.0,401.0,Suburb,Bungalow,450514.0
12173.0,1973.0,3.0,2.0,216.0,Downtown,2Story,488681.0
12230.0,2009.0,2.0,1.0,521.0,Suburb,2Story,204824.0
17707.0,1994.0,3.0,1.0,717.0,Rural,2Story,188741.0
13494.0,1952.0,7.0,2.0,769.0,Rural,1Story,118830.0
3306.0,1986.0,5.0,3.0,524.0,Suburb,2Story,417188.0
8776.0,1992.0,7.0,3.0,611.0,Rural,1Story,436092.0
11474.0,1989.0,5.0,1.0,517.0,Rural,1Story,169202.0
9526.0,2004.0,6.0,3.0,281.0,Rural,Bungalow,399189.0
7530.0,1988.0,,1.0,673.0,Downtown,Bungalow,317394.0
5748.0,1964.0,9.0,3.0,667.0,Rural,Bungalow,302123.0
15545.0,1953.0,4.0,2.0,624.0,Downtown,1Story,469653.0
2663.0,1974.0,7.0,1.0,403.0,Suburb,1Story,257699.0
3998.0,1962.0,2.0,1.0,782.0,Rural,1Story,377342.0
9994.0,1982.0,9.0,2.0,586.0,Rural,2Story,431665.0
19879.0,1965.0,6.0,1.0,297.0,Rural,1Story,206471.0
5304.0,1991.0,4.0,3.0,544.0,Suburb,Bungalow,391619.0
15808.0,2015.0,3.0,3.0,407.0,Downtown,Bungalow,336824.0
8585.0,2004.0,9.0,1.0,713.0,Downtown,1Story,119403.0
19675.0,1991.0,7.0,3.0,785.0,Rural,1Story,103681.0
13649.0,1983.0,8.0,1.0,365.0,Suburb,Bungalow,453699.0
,1979.0,8.0,2.0,221.0,Suburb,1Story,481028.0
19082.0,1962.0,2.0,1.0,353.0,Suburb,Bungalow,455266.0
6737.0,1962.0,5.0,2.0,638.0,Suburb,2Story,215260.0
16555.0,1967.0,2.0,3.0,494.0,Suburb,Bungalow,273364.0
15877.0,1981.0,8.0,2.0,418.0,Downtown,2Story,205386.0
2854.0,1988.0,3.0,3.0,694.0,Downtown,1Story,333378.0
7855.0,1995.0,6.0,1.0,429.0,Downtown,1Story,498845.0
9392.0,1978.0,6.0,3.0,219.0,Rural,2Story,193246.0
15949.0,2011.0,7.0,1.0,752.0,Suburb,1Story,195864.0
7791.0,2011.0,6.0,1.0,347.0,Rural,2Story,308886.0
6931.0,2006.0,7.0,2.0,307.0,Suburb,1Story,370561.0
2202.0,1965.0,9.0,2.0,602.0,Downtown,Bungalow,481032.0
13447.0,2005.0,7.0,2.0,795.0,Rural,1Story,265837.0
14688.0,1959.0,9.0,2.0,682.0,Downtown,Bungalow,436643.0
6389.0,1979.0,7.0,3.0,566.0,Suburb,Bungalow,493052.0
4327.0,1974.0,8.0,3.0,613.0,Suburb,2Story,345160.0
10004.0,1954.0,8.0,3.0,508.0,Suburb,1Story,287646.0
9777.0,2014.0,5.0,1.0,333.0,Downtown,2Story,359278.0
2197.0,1998.0,9.0,3.0,482.0,Suburb,1Story,389819.0
3930.0,1952.0,4.0,3.0,272.0,Downtown,Bungalow,356681.0
13774.0,1994.0,9.0,3.0,680.0,Rural,Bungalow,271635.0
17087.0,1963.0,7.0,2.0,551.0,Suburb,1Story,111332.0
11339.0,1979.0,7.0,3.0,759.0,Suburb,1Story,354817.0
13589.0,2017.0,4.0,1.0,525.0,Suburb,2Story,381321.0
17708.0,1967.0,2.0,2.0,642.0,Rural,1Story,492704.0
19043.0,2011.0,7.0,1.0,299.0,Suburb,1Story,320326.0
4811.0,1986.0,5.0,3.0,258.0,Downtown,1Story,299519.0
16243.0,1974.0,6.0,2.0,707.0,Downtown,2Story,361849.0
8546.0,1997.0,6.0,1.0,457.0,Suburb,1Story,419248.0
3986.0,2014.0,3.0,3.0,612.0,Suburb,Bungalow,446479.0
10338.0,2002.0,3.0,1.0,651.0,Rural,2Story,477082.0
13411.0,2022.0,6.0,1.0,264.0,Rural,2Story,180730.0
4911.0,1964.0,6.0,1.0,794.0,Rural,Bungalow,498167.0
3734.0,1998.0,8.0,3.0,353.0,Suburb,Bungalow,337474.0
10680.0,2017.0,5.0,3.0,465.0,Rural,Bungalow,390477.0
7759.0,1961.0,4.0,1.0,278.0,Rural,1Story,383817.0
4385.0,2008.0,3.0,2.0,514.0,Downtown,Bungalow,476565.0
13111.0,1986.0,8.0,2.0,759.0,Rural,1Story,140870.0
6736.0,2010.0,8.0,3.0,447.0,Downtown,2Story,353017.0
3802.0,1992.0,4.0,3.0,613.0,Downtown,2Story,227536.0
10155.0,2019.0,8.0,3.0,224.0,Rural,Bungalow,433245.0
10120.0,1988.0,9.0,3.0,483.0,Downtown,1Story,384965.0
8616.0,2005.0,5.0,3.0,648.0,Suburb,Bungalow,125494.0
16257.0,2012.0,6.0,2.0,500.0,Suburb,Bungalow,199477.0
16486.0,1995.0,7.0,3.0,267.0,Rural,1Story,488227.0
18646.0,1960.0,4.0,1.0,206.0,Suburb,Bungalow,305232.0
16075.0,2011.0,6.0,1.0,336.0,Downtown,2Story,474842.0
11208.0,1974.0,6.0,2.0,363.0,Suburb,Bungalow,473704.0
18371.0,2020.0,2.0,1.0,282.0,Rural,1Story,494051.0
13835.0,2001.0,9.0,2.0,619.0,Rural,1Story,380790.0
15168.0,1953.0,4.0,2.0,272.0,Downtown,2Story,223777.0
4049.0,2008.0,8.0,1.0,436.0,Rural,1Story,177360.0
7423.0,2021.0,7.0,3.0,245.0,Suburb,1Story,399479.0
16589.0,1969.0,4.0,1.0,461.0,Rural,2Story,431495.0
9158.0,2012.0,8.0,1.0,375.0,Downtown,Bungalow,477078.0
12248.0,2003.0,6.0,2.0,365.0,Rural,2Story,233501.0
9400.0,2006.0,7.0,1.0,569.0,Suburb,Bungalow,404094.0
11874.0,1990.0,8.0,2.0,253.0,Downtown,2Story,160654.0
17151.0,1952.0,5.0,3.0,618.0,Suburb,Bungalow,469566.0
3154.0,1955.0,8.0,3.0,706.0,Downtown,2Story,472078.0
6499.0,1954.0,2.0,3.0,540.0,Rural,Bungalow,219975.0
8295.0,1954.0,9.0,1.0,326.0,Downtown,2Story,299215.0
14183.0,2003.0,6.0,2.0,608.0,Downtown,Bungalow,453330.0
14874.0,1996.0,8.0,3.0,566.0,Rural,2Story,466378.0
7539.0,1998.0,9.0,2.0,470.0,Suburb,1Story,202326.0
11637.0,1958.0,3.0,2.0,578.0,Rural,Bungalow,177527.0
17586.0,1969.0,3.0,3.0,272.0,Downtown,2Story,448848.0
4557.0,2010.0,9.0,3.0,447.0,Rural,Bungalow,266991.0
7592.0,1984.0,9.0,2.0,242.0,Downtown,Bungalow,196952.0
18482.0,1999.0,2.0,3.0,576.0,Rural,2Story,422926.0
4200.0,2011.0,5.0,2.0,240.0,Rural,Bungalow,433260.0
16172.0,1966.0,6.0,2.0,369.0,Suburb,2Story,451770.0
4961.0,1952.0,4.0,3.0,411.0,Downtown,1Story,246895.0
16207.0,1981.0,2.0,1.0,692.0,Suburb,Bungalow,146015.0
13969.0,1962.0,5.0,3.0,238.0,Downtown,1Story,202877.0
4869.0,2022.0,9.0,1.0,568.0,Rural,Bungalow,377483.0
19340.0,2017.0,4.0,2.0,350.0,Downtown,Bungalow,234563.0
15992.0,1963.0,9.0,2.0,310.0,Suburb,Bungalow,493922.0
7699.0,1960.0,9.0,1.0,679.0,Suburb,2Story,197493.0
5987.0,2005.0,3.0,2.0,635.0,Suburb,1Story,246800.0
15446.0,2016.0,3.0,1.0,246.0,Downtown,Bungalow,291480.0
3218.0,1978.0,4.0,1.0,774.0,Suburb,2Story,491670.0
6735.0,1958.0,2.0,2.0,565.0,Suburb,Bungalow,221648.0
13296.0,2016.0,3.0,1.0,268.0,Suburb,2Story,387307.0
6555.0,1974.0,6.0,3.0,498.0,Rural,Bungalow,248790.0
11146.0,1991.0,9.0,3.0,495.0,Rural,1Story,187508.0
10050.0,1958.0,7.0,2.0,402.0,Downtown,1Story,314839.0
14757.0,1989.0,8.0,2.0,260.0,Downtown,Bungalow,401763.0
19429.0,1974.0,4.0,1.0,513.0,Suburb,2Story,374270.0
8893.0,1954.0,4.0,1.0,360.0,Rural,Bungalow,164926.0
16373.0,1960.0,3.0,1.0,530.0,Suburb,2Story,140633.0
16565.0,2008.0,2.0,1.0,727.0,Suburb,Bungalow,308726.0
5436.0,1987.0,9.0,3.0,537.0,Rural,2Story,103317.0
10754.0,2021.0,6.0,3.0,503.0,Rural,1Story,407124.0
12677.0,1954.0,2.0,2.0,702.0,Rural,Bungalow,406259.0
7895.0,1997.0,5.0,1.0,537.0,Downtown,1Story,292718.0
18609.0,1967.0,5.0,1.0,749.0,Downtown,1Story,405302.0
17636.0,2019.0,7.0,2.0,474.0,Suburb,Bungalow,287035.0
9022.0,1986.0,3.0,1.0,363.0,Downtown,Bungalow,280388.0
11151.0,2009.0,3.0,1.0,642.0,Rural,2Story,467508.0
7600.0,1997.0,3.0,1.0,518.0,Rural,2Story,377648.0
9996.0,1977.0,7.0,1.0,788.0,Downtown,1Story,299665.0
11007.0,2018.0,5.0,1.0,703.0,Suburb,2Story,399340.0
14946.0,1989.0,2.0,2.0,586.0,Suburb,2Story,428082.0
6642.0,1994.0,7.0,1.0,693.0,Downtown,Bungalow,419532.0
13312.0,2011.0,7.0,2.0,689.0,Suburb,2Story,312369.0
9679.0,2007.0,2.0,1.0,272.0,Suburb,1Story,155501.0
10208.0,2016.0,3.0,3.0,708.0,Suburb,2Story,284381.0
12716.0,2005.0,6.0,3.0,589.0,Rural,1Story,127043.0
19453.0,1989.0,2.0,3.0,494.0,Rural,Bungalow,133635.0
5444.0,1989.0,5.0,3.0,568.0,Downtown,1Story,310387.0
12757.0,1982.0,4.0,2.0,748.0,Rural,2Story,180691.0
16434.0,1955.0,9.0,2.0,767.0,Suburb,Bungalow,395276.0
3060.0,1968.0,4.0,1.0,386.0,Rural,2Story,377510.0
5420.0,1989.0,8.0,3.0,644.0,Downtown,Bungalow,193944.0
2301.0,2008.0,8.0,2.0,769.0,Rural,Bungalow,303179.0
14468.0,2008.0,7.0,1.0,562.0,Suburb,2Story,477411.0
18990.0,1997.0,9.0,1.0,322.0,Suburb,2Story,139236.0
2699.0,1990.0,4.0,2.0,387.0,Downtown,Bungalow,366294.0
2190.0,1962.0,6.0,3.0,619.0,Rural,Bungalow,473513.0
12492.0,1994.0,3.0,1.0,451.0,Rural,2Story,381567.0
19364.0,2002.0,5.0,3.0,748.0,Rural,1Story,104137.0
4975.0,1991.0,8.0,3.0,534.0,Suburb,2Story,129992.0
8102.0,2012.0,6.0,3.0,291.0,Downtown,Bungalow,472684.0
19568.0,1976.0,5.0,1.0,729.0,Rural,2Story,215140.0
3816.0,1987.0,5.0,3.0,262.0,Suburb,1Story,275993.0
2569.0,2009.0,3.0,1.0,711.0,Suburb,2Story,221225.0
7442.0,1956.0,9.0,3.0,338.0,Suburb,Bungalow,429061.0
3895.0,1954.0,7.0,1.0,384.0,Rural,2Story,435834.0
5863.0,1994.0,4.0,3.0,404.0,Rural,Bungalow,396379.0
14913.0,2007.0,3.0,2.0,413.0,Rural,Bungalow,310047.0
9455.0,1980.0,6.0,3.0,455.0,Rural,2Story,119122.0
6014.0,1972.0,7.0,3.0,334.0,Rural,Bungalow,
13093.0,1991.0,6.0,1.0,772.0,Rural,Bungalow,163879.0
5009.0,1959.0,7.0,1.0,287.0,Rural,1Story,158560.0
18538.0,1981.0,9.0,3.0,406.0,Rural,1Story,472454.0
12729.0,2002.0,8.0,2.0,328.0,Rural,1Story,299757.0
3409.0,1979.0,6.0,2.0,202.0,Suburb,1Story,337268.0
14249.0,1988.0,3.0,1.0,320.0,Rural,Bungalow,363312.0
2784.0,1980.0,7.0,2.0,584.0,Downtown,2Story,407268.0
10096.0,1951.0,7.0,3.0,237.0,Suburb,Bungalow,266969.0
9560.0,1961.0,5.0,1.0,540.0,Rural,Bungalow,246104.0
14533.0,1988.0,5.0,3.0,220.0,Downtown,Bungalow,414941.0
9343.0,2015.0,2.0,1.0,441.0,Rural,2Story,397438.0
9206.0,1962.0,6.0,1.0,654.0,Downtown,1Story,365660.0
7801.0,1995.0,5.0,1.0,502.0,Downtown,Bungalow,250823.0
18921.0,1976.0,2.0,1.0,795.0,Downtown,Bungalow,130373.0
7986.0,1966.0,8.0,2.0,794.0,Downtown,1Story,222026.0
12647.0,2009.0,8.0,3.0,268.0,Suburb,Bungalow,130270.0
10716.0,2013.0,5.0,3.0,328.0,Suburb,2Story,332931.0
14323.0,1984.0,6.0,3.0,395.0,Downtown,Bungalow,295889.0
6780.0,2019.0,7.0,1.0,339.0,Rural,Bungalow,165184.0
4368.0,1979.0,4.0,2.0,643.0,Downtown,1Story,310765.0
14039.0,2020.0,9.0,3.0,482.0,Suburb,Bungalow,137879.0
8655.0,2012.0,6.0,2.0,511.0,Rural,Bungalow,411741.0
10173.0,1977.0,9.0,1.0,734.0,Suburb,2Story,103626.0
6495.0,2009.0,3.0,3.0,476.0,Suburb,1Story,185936.0
12893.0,1986.0,8.0,2.0,260.0,Rural,1Story,334873.0
15403.0,1971.0,5.0,1.0,518.0,Downtown,2Story,181515.0
15121.0,2017.0,5.0,2.0,251.0,Downtown,Bungalow,308137.0
12966.0,1969.0,9.0,3.0,352.0,Downtown,1Story,155390.0
2853.0,2017.0,7.0,3.0,510.0,Downtown,1Story,323032.0
18958.0,2013.0,9.0,1.0,743.0,Rural,Bungalow,154144.0
19532.0,1966.0,3.0,1.0,766.0,Rural,Bungalow,244454.0
11907.0,1961.0,7.0,1.0,588.0,Rural,1Story,104025.0
6777.0,1971.0,3.0,2.0,747.0,Suburb,Bungalow,441524.0
17338.0,1966.0,4.0,2.0,376.0,Rural,1Story,354043.0
4491.0,1959.0,8.0,2.0,561.0,Downtown,Bungalow,218910.0
17328.0,2014.0,5.0,1.0,513.0,Suburb,Bungalow,196055.0
16599.0,1971.0,5.0,3.0,296.0,Downtown,2Story,488333.0
5051.0,1999.0,4.0,3.0,412.0,Downtown,Bungalow,305782.0
17979.0,1963.0,2.0,2.0,336.0,Rural,2Story,496659.0
18388.0,2013.0,8.0,2.0,205.0,Rural,Bungalow,383539.0
2876.0,1996.0,7.0,3.0,308.0,Downtown,1Story,372869.0
6142.0,1978.0,4.0,3.0,746.0,Downtown,1Story,133461.0
17202.0,1985.0,7.0,2.0,238.0,Suburb,Bungalow,358072.0
8966.0,2001.0,9.0,2.0,624.0,Rural,Bungalow,141115.0
9079.0,1956.0,6.0,3.0,460.0,Suburb,1Story,210084.0
9987.0,1978.0,5.0,1.0,625.0,Suburb,Bungalow,445876.0
8799.0,1960.0,7.0,2.0,286.0,Suburb,2Story,441701.0
6465.0,1982.0,3.0,3.0,664.0,Downtown,2Story,433404.0
19019.0,1955.0,7.0,3.0,275.0,Suburb,2Story,259762.0
15417.0,1981.0,6.0,3.0,670.0,Suburb,2Story,363551.0
10311.0,2000.0,8.0,3.0,613.0,Downtown,2Story,173568.0
19214.0,2007.0,5.0,1.0,656.0,Rural,Bungalow,158560.0
16098.0,1975.0,9.0,3.0,484.0,Rural,Bungalow,248866.0
7177.0,1995.0,4.0,2.0,438.0,Suburb,2Story,250953.0
16262.0,1978.0,9.0,1.0,798.0,Downtown,Bungalow,317364.0
10308.0,1953.0,6.0,3.0,757.0,Rural,Bungalow,336770.0
7949.0,1962.0,5.0,1.0,571.0,Suburb,2Story,326024.0
3150.0,1988.0,7.0,2.0,694.0,Suburb,Bungalow,280775.0
3931.0,1964.0,8.0,3.0,244.0,Downtown,Bungalow,191288.0
11204.0,1978.0,2.0,2.0,600.0,Suburb,Bungalow,481164.0
3081.0,1978.0,8.0,3.0,446.0,Rural,2Story,461445.0
18896.0,1981.0,2.0,3.0,796.0,Downtown,Bungalow,349836.0
15407.0,1951.0,3.0,3.0,649.0,Rural,1Story,114390.0
9805.0,1996.0,8.0,3.0,684.0,Rural,1Story,318547.0
7237.0,1971.0,5.0,3.0,217.0,Rural,2Story,127307.0
18943.0,1976.0,2.0,1.0,488.0,Suburb,1Story,327436.0
14775.0,2016.0,4.0,3.0,613.0,Suburb,2Story,325121.0
18244.0,2005.0,5.0,3.0,434.0,Rural,1Story,351063.0
15184.0,1970.0,4.0,1.0,615.0,Rural,1Story,124502.0
5343.0,1996.0,8.0,1.0,698.0,Downtown,1Story,122486.0
15500.0,,4.0,1.0,314.0,Downtown,2Story,473957.0
11662.0,1955.0,2.0,1.0,433.0,Suburb,2Story,269330.0
18964.0,1968.0,5.0,1.0,739.0,Suburb,Bungalow,288788.0
17125.0,2006.0,7.0,1.0,210.0,Downtown,2Story,328300.0
10130.0,2018.0,6.0,3.0,405.0,Rural,1Story,203920.0
3679.0,1952.0,2.0,3.0,446.0,Suburb,1Story,312566.0
5506.0,1950.0,2.0,2.0,758.0,Rural,2Story,444912.0
15284.0,2007.0,7.0,3.0,326.0,Downtown,2Story,162785.0
9253.0,1987.0,5.0,3.0,346.0,Suburb,2Story,176050.0
11435.0,1964.0,5.0,1.0,317.0,Suburb,Bungalow,122738.0
13310.0,1983.0,9.0,1.0,581.0,Downtown,1Story,174231.0
15296.0,2010.0,8.0,3.0,611.0,Suburb,Bungalow,173606.0
15245.0,1984.0,4.0,2.0,783.0,Downtown,Bungalow,403806.0
13151.0,2013.0,8.0,1.0,562.0,Suburb,1Story,480457.0
12457.0,1974.0,,3.0,708.0,Downtown,1Story,327369.0
4479.0,1973.0,8.0,3.0,336.0,Suburb,2Story,377267.0
6452.0,1961.0,7.0,2.0,374.0,Rural,2Story,256688.0
7881.0,1967.0,5.0,2.0,488.0,Rural,Bungalow,373326.0
16069.0,1964.0,4.0,1.0,680.0,Rural,2Story,452513.0
4849.0,1976.0,8.0,2.0,218.0,Suburb,2Story,262403.0
9390.0,2021.0,2.0,3.0,394.0,Suburb,1Story,277170.0
13922.0,2009.0,3.0,3.0,529.0,Rural,1Story,126128.0
4489.0,1995.0,9.0,2.0,374.0,Rural,2Story,131556.0
11823.0,1966.0,6.0,2.0,648.0,Downtown,1Story,358470.0
11207.0,2002.0,2.0,2.0,553.0,Downtown,2Story,252948.0
11540.0,1957.0,5.0,2.0,698.0,Downtown,1Story,240021.0
18364.0,1976.0,6.0,1.0,340.0,Rural,1Story,151962.0
6611.0,1995.0,3.0,2.0,292.0,Rural,1Story,190054.0
7878.0,1999.0,3.0,1.0,438.0,Rural,1Story,302278.0
18347.0,2020.0,4.0,3.0,404.0,Downtown,2Story,124099.0
2851.0,1952.0,6.0,2.0,759.0,Suburb,Bungalow,335943.0
8833.0,2013.0,4.0,1.0,632.0,Rural,1Story,283683.0
13938.0,1993.0,2.0,2.0,444.0,Suburb,2Story,269957.0
4427.0,2002.0,7.0,3.0,516.0,Suburb,2Story,415288.0
6000.0,1973.0,7.0,3.0,494.0,Suburb,1Story,296292.0
7052.0,2009.0,7.0,3.0,481.0,Downtown,Bungalow,107837.0
4738.0,1952.0,6.0,2.0,216.0,Suburb,1Story,280427.0
7387.0,1969.0,7.0,2.0,270.0,Rural,2Story,278371.0
10002.0,1995.0,2.0,1.0,468.0,Downtown,Bungalow,487356.0
7536.0,1964.0,4.0,3.0,524.0,Rural,2Story,478824.0
15479.0,1974.0,6.0,2.0,504.0,Rural,1Story,348003.0
5913.0,2020.0,4.0,3.0,650.0,Downtown,Bungalow,468946.0
19450.0,1966.0,6.0,3.0,206.0,Rural,2Story,202413.0
12636.0,1958.0,4.0,1.0,513.0,Rural,2Story,151012.0
7726.0,1987.0,3.0,1.0,302.0,Downtown,2Story,230193.0
5373.0,1997.0,4.0,1.0,392.0,Rural,1Story,318168.0
14161.0,2009.0,7.0,1.0,773.0,Suburb,Bungalow,248178.0
4082.0,2012.0,3.0,3.0,728.0,Rural,1Story,158123.0
18281.0,1951.0,4.0,1.0,370.0,Suburb,1Story,211825.0
17305.0,2021.0,6.0,1.0,736.0,Rural,1Story,108720.0
11817.0,1960.0,6.0,1.0,450.0,Downtown,Bungalow,268733.0
13261.0,2013.0,9.0,1.0,586.0,Downtown,1Story,346103.0
2417.0,2021.0,6.0,3.0,406.0,Rural,1Story,324970.0
10808.0,1970.0,5.0,1.0,740.0,Downtown,1Story,324866.0
5267.0,1967.0,2.0,3.0,615.0,Rural,1Story,250862.0
19209.0,2013.0,6.0,2.0,579.0,Downtown,2Story,158655.0
7745.0,1987.0,3.0,3.0,343.0,Suburb,1Story,290715.0
13338.0,1981.0,9.0,3.0,224.0,Rural,2Story,193448.0
2412.0,1960.0,6.0,1.0,272.0,Suburb,1Story,278446.0
9543.0,1994.0,5.0,2.0,292.0,Suburb,Bungalow,273979.0
9587.0,1982.0,7.0,2.0,704.0,Rural,2Story,281143.0
2728.0,1990.0,3.0,2.0,797.0,Suburb,2Story,220507.0
13657.0,1957.0,5.0,2.0,535.0,Rural,2Story,396956.0
7988.0,1960.0,7.0,3.0,624.0,Suburb,2Story,411714.0
4967.0,2000.0,8.0,2.0,698.0,Rural,Bungalow,413045.0
16527.0,1990.0,8.0,3.0,563.0,Rural,1Story,160186.0
18048.0,1966.0,3.0,3.0,398.0,Downtown,2Story,222066.0
19506.0,1995.0,4.0,3.0,612.0,Rural,Bungalow,490508.0
19955.0,1981.0,2.0,2.0,538.0,Rural,2Story,281323.0
7073.0,2003.0,9.0,1.0,628.0,Suburb,1Story,296243.0
7104.0,1969.0,2.0,1.0,338.0,Rural,2Story,136160.0
4143.0,1982.0,5.0,2.0,741.0,Downtown,Bungalow,119156.0
9357.0,1989.0,7.0,1.0,256.0,Suburb,1Story,176208.0
14043.0,1981.0,2.0,1.0,431.0,Suburb,Bungalow,249001.0
5440.0,1951.0,7.0,3.0,634.0,Downtown,1Story,331226.0
7644.0,1982.0,7.0,3.0,583.0,Suburb,1Story,341766.0
12518.0,1979.0,5.0,2.0,759.0,Suburb,1Story,295413.0
16552.0,1982.0,5.0,2.0,393.0,Suburb,2Story,457521.0
4914.0,1975.0,5.0,1.0,733.0,Suburb,Bungalow,405007.0
15584.0,1971.0,2.0,3.0,717.0,Downtown,Bungalow,312909.0
14144.0,2015.0,8.0,2.0,384.0,Downtown,Bungalow,165439.0
16397.0,1987.0,5.0,2.0,491.0,Suburb,1Story,238266.0
10787.0,1995.0,9.0,2.0,534.0,Suburb,2Story,302459.0
16191.0,1964.0,2.0,2.0,315.0,Downtown,1Story,221361.0
2728.0,1993.0,5.0,2.0,248.0,Downtown,Bungalow,312986.0
19749.0,1998.0,6.0,2.0,281.0,Downtown,2Story,297286.0
2698.0,2010.0,7.0,1.0,532.0,Suburb,2Story,458320.0
9186.0,2016.0,9.0,3.0,756.0,Suburb,2Story,129777.0
16512.0,1955.0,5.0,3.0,534.0,Rural,Bungalow,356427.0
15923.0,1958.0,3.0,2.0,731.0,Downtown,2Story,257255.0
18779.0,1955.0,7.0,3.0,420.0,Suburb,2Story,298110.0
9400.0,2022.0,7.0,3.0,522.0,Downtown,1Story,449345.0
6171.0,1981.0,5.0,3.0,202.0,Suburb,1Story,281649.0
6360.0,1990.0,8.0,2.0,405.0,Downtown,2Story,378011.0
4502.0,1957.0,4.0,2.0,239.0,Suburb,2Story,162501.0
19101.0,2021.0,8.0,3.0,258.0,Rural,1Story,245338.0
7486.0,1999.0,5.0,3.0,773.0,Rural,1Story,401566.0
10335.0,2011.0,7.0,2.0,706.0,Downtown,1Story,266280.0
6491.0,2011.0,9.0,1.0,771.0,Suburb,Bungalow,221544.0
13130.0,1956.0,3.0,3.0,321.0,Suburb,Bungalow,238439.0
9651.0,1953.0,9.0,1.0,678.0,Downtown,1Story,355230.0
3167.0,1955.0,9.0,3.0,295.0,Suburb,2Story,135362.0
3062.0,2007.0,7.0,1.0,613.0,Downtown,1Story,350449.0
13174.0,1971.0,8.0,1.0,434.0,Suburb,Bungalow,413732.0
6729.0,1975.0,3.0,1.0,261.0,Downtown,2Story,269357.0
11348.0,1952.0,2.0,2.0,455.0,Suburb,Bungalow,226683.0
7334.0,1990.0,6.0,1.0,760.0,Downtown,2Story,356157.0
10924.0,2009.0,7.0,1.0,547.0,Suburb,Bungalow,305827.0
6330.0,1963.0,5.0,1.0,323.0,Rural,2Story,302918.0
8801.0,1961.0,2.0,3.0,681.0,Suburb,2Story,398451.0
6846.0,1961.0,6.0,1.0,516.0,Downtown,2Story,442424.0
8731.0,1962.0,5.0,3.0,703.0,Rural,2Story,418667.0
17368.0,1974.0,9.0,1.0,247.0,Suburb,Bungalow,499594.0
19337.0,1994.0,4.0,1.0,608.0,Rural,Bungalow,315757.0
4539.0,1968.0,5.0,2.0,335.0,Suburb,2Story,207669.0
9056.0,2004.0,3.0,3.0,400.0,Rural,2Story,308030.0
13516.0,1994.0,3.0,1.0,449.0,Downtown,Bungalow,258998.0
13493.0,1957.0,4.0,3.0,513.0,Suburb,2Story,203215.0
3542.0,2002.0,2.0,3.0,567.0,Suburb,2Story,198707.0
15964.0,2004.0,6.0,2.0,628.0,Downtown,2Story,192837.0
19575.0,1981.0,5.0,2.0,679.0,Rural,1Story,480214.0
8313.0,2000.0,3.0,2.0,513.0,Downtown,2Story,345847.0
19924.0,1993.0,2.0,2.0,699.0,Downtown,1Story,327544.0
15807.0,2019.0,4.0,2.0,554.0,Rural,2Story,442016.0
11580.0,1967.0,8.0,2.0,684.0,Downtown,Bungalow,449880.0
19749.0,1971.0,7.0,2.0,410.0,Suburb,1Story,367614.0
10691.0,1986.0,8.0,2.0,243.0,Suburb,1Story,327467.0
9494.0,2005.0,8.0,1.0,740.0,Suburb,2Story,246025.0
6312.0,2008.0,3.0,3.0,770.0,Downtown,2Story,335652.0
3324.0,1952.0,9.0,2.0,782.0,Suburb,1Story,455113.0
5141.0,1977.0,9.0,2.0,291.0,Suburb,Bungalow,191493.0
3810.0,1984.0,4.0,3.0,464.0,Suburb,Bungalow,368667.0
8588.0,2010.0,5.0,1.0,419.0,Suburb,2Story,317995.0
7301.0,2003.0,9.0,3.0,641.0,Suburb,Bungalow,288262.0
17485.0,2012.0,8.0,3.0,600.0,Suburb,Bungalow,393313.0
13714.0,1956.0,9.0,2.0,599.0,Downtown,2Story,145641.0
6748.0,1998.0,8.0,3.0,775.0,Suburb,Bungalow,254062.0
11435.0,1980.0,6.0,3.0,689.0,Suburb,2Story,129661.0
5709.0,2007.0,3.0,2.0,684.0,Rural,1Story,244491.0
15116.0,2010.0,3.0,2.0,669.0,Downtown,2Story,376601.0
11576.0,1973.0,5.0,2.0,773.0,Downtown,1Story,429744.0
12150.0,1969.0,9.0,2.0,644.0,Downtown,1Story,203619.0
8530.0,1986.0,9.0,3.0,468.0,Downtown,Bungalow,438246.0
12188.0,1953.0,7.0,3.0,466.0,Suburb,Bungalow,133085.0
16683.0,1969.0,2.0,1.0,253.0,Suburb,Bungalow,197064.0
2504.0,2009.0,6.0,1.0,727.0,Rural,2Story,281726.0
3214.0,1973.0,3.0,3.0,719.0,Rural,Bungalow,499346.0
3531.0,1999.0,6.0,1.0,258.0,Downtown,1Story,205723.0
2823.0,1998.0,3.0,3.0,239.0,Rural,Bungalow,
19312.0,2000.0,6.0,1.0,436.0,Rural,Bungalow,432278.0
7029.0,1985.0,4.0,2.0,585.0,Downtown,2Story,405126.0
15428.0,2015.0,8.0,1.0,499.0,Downtown,2Story,427329.0
18517.0,1983.0,3.0,2.0,594.0,Rural,1Story,133477.0
4105.0,1985.0,6.0,2.0,406.0,Suburb,2Story,214161.0
5627.0,1955.0,9.0,2.0,535.0,Rural,Bungalow,414853.0
14972.0,1988.0,2.0,2.0,792.0,Rural,2Story,259788.0
3852.0,1991.0,4.0,1.0,713.0,Suburb,1Story,440281.0
6910.0,2007.0,4.0,3.0,377.0,Suburb,Bungalow,398162.0
13003.0,1961.0,2.0,2.0,595.0,Downtown,1Story,239133.0
15843.0,1952.0,6.0,1.0,570.0,Downtown,2Story,239681.0
13704.0,1967.0,9.0,2.0,517.0,Rural,2Story,397515.0
17761.0,1989.0,5.0,1.0,568.0,Suburb,1Story,341422.0
8190.0,1970.0,2.0,1.0,583.0,Downtown,Bungalow,445165.0
19640.0,1964.0,6.0,1.0,261.0,Rural,2Story,370001.0
7645.0,1975.0,2.0,3.0,704.0,Suburb,2Story,242692.0
11588.0,1957.0,2.0,1.0,438.0,Rural,Bungalow,108177.0
13829.0,1991.0,3.0,1.0,394.0,Downtown,2Story,351842.0
10053.0,1993.0,6.0,3.0,421.0,Downtown,1Story,450722.0
5330.0,1963.0,5.0,3.0,260.0,Suburb,2Story,189941.0
10662.0,1951.0,8.0,1.0,328.0,Rural,2Story,358121.0
9114.0,1986.0,3.0,3.0,355.0,Suburb,Bungalow,111826.0
15323.0,2018.0,2.0,2.0,577.0,Downtown,1Story,244962.0
3353.0,1987.0,8.0,2.0,785.0,Downtown,Bungalow,444572.0
12975.0,1990.0,7.0,3.0,636.0,Rural,2Story,226044.0
13023.0,2011.0,8.0,3.0,406.0,Rural,2Story,289103.0
2667.0,2009.0,2.0,1.0,587.0,Rural,Bungalow,437164.0
11337.0,1963.0,2.0,3.0,679.0,Suburb,Bungalow,105495.0
15659.0,1951.0,9.0,1.0,539.0,Rural,Bungalow,128481.0
5719.0,2019.0,6.0,2.0,539.0,Rural,1Story,242339.0
9483.0,1966.0,6.0,3.0,403.0,Downtown,2Story,480041.0
2539.0,1977.0,3.0,1.0,360.0,Downtown,Bungalow,336774.0
6964.0,2015.0,5.0,1.0,739.0,Rural,2Story,237815.0
6835.0,1984.0,3.0,2.0,591.0,Rural,1Story,203475.0
8042.0,1954.0,4.0,3.0,774.0,Downtown,1Story,279845.0
16837.0,2014.0,2.0,2.0,733.0,Rural,1Story,419186.0
9312.0,1989.0,8.0,1.0,269.0,Suburb,1Story,149476.0
7320.0,2005.0,7.0,1.0,604.0,Suburb,2Story,323177.0
15216.0,1985.0,2.0,3.0,790.0,Suburb,1Story,390696.0
4779.0,1994.0,2.0,1.0,716.0,Rural,1Story,296314.0
19308.0,1972.0,3.0,3.0,319.0,Downtown,Bungalow,260020.0
3581.0,1996.0,7.0,2.0,416.0,Rural,1Story,307383.0
14677.0,1980.0,7.0,3.0,255.0,Rural,Bungalow,169093.0
7713.0,1960.0,7.0,3.0,565.0,Downtown,1Story,169123.0
18639.0,1959.0,3.0,1.0,703.0,Downtown,1Story,116535.0
6804.0,2016.0,2.0,1.0,654.0,Downtown,Bungalow,428634.0
12136.0,1963.0,3.0,3.0,303.0,Suburb,1Story,146562.0
2009.0,1959.0,6.0,1.0,276.0,Rural,2Story,481186.0
7124.0,1950.0,6.0,1.0,429.0,Downtown,2Story,356323.0
3015.0,1954.0,3.0,1.0,457.0,Rural,1Story,451224.0
4193.0,1969.0,7.0,3.0,463.0,Suburb,2Story,358916.0
10415.0,1957.0,9.0,1.0,530.0,Suburb,Bungalow,289607.0
15550.0,1992.0,2.0,3.0,381.0,Downtown,1Story,330063.0
16512.0,1950.0,3.0,1.0,749.0,Downtown,1Story,141269.0
6158.0,2006.0,3.0,2.0,226.0,Rural,Bungalow,180674.0
8970.0,2013.0,3.0,1.0,475.0,Downtown,Bungalow,404606.0
8938.0,1977.0,9.0,1.0,498.0,Rural,Bungalow,496343.0
15772.0,1986.0,9.0,3.0,290.0,Downtown,1Story,385291.0
12344.0,1996.0,4.0,3.0,679.0,Rural,Bungalow,177095.0
9266.0,1986.0,6.0,1.0,772.0,Rural,Bungalow,344172.0
10702.0,1998.0,8.0,2.0,657.0,Rural,2Story,300003.0
2384.0,1993.0,7.0,1.0,650.0,Rural,2Story,190925.0
2404.0,2005.0,5.0,1.0,564.0,Suburb,1Story,166381.0
10175.0,1977.0,9.0,2.0,550.0,Rural,2Story,199468.0
17158.0,1955.0,8.0,3.0,599.0,Downtown,2Story,342330.0
14763.0,2010.0,9.0,1.0,452.0,Suburb,Bungalow,425893.0
11860.0,1969.0,7.0,3.0,658.0,Suburb,Bungalow,113731.0
7989.0,1951.0,5.0,3.0,698.0,Rural,2Story,486791.0
17106.0,2022.0,4.0,2.0,707.0,Suburb,2Story,151024.0
19844.0,1986.0,3.0,2.0,503.0,Rural,2Story,216712.0
5636.0,1969.0,4.0,3.0,700.0,Downtown,1Story,201121.0
12916.0,1975.0,9.0,1.0,797.0,Rural,1Story,365976.0
6809.0,1978.0,4.0,3.0,365.0,Suburb,1Story,132332.0
15456.0,1950.0,8.0,1.0,614.0,Downtown,2Story,112467.0
17444.0,1984.0,2.0,1.0,661.0,Rural,2Story,141025.0
7997.0,2019.0,9.0,2.0,313.0,Downtown,1Story,244179.0
4048.0,2008.0,9.0,1.0,632.0,Downtown,1Story,177994.0
14338.0,2018.0,8.0,1.0,555.0,Suburb,2Story,194202.0
19100.0,1982.0,6.0,3.0,406.0,Downtown,Bungalow,143481.0
6544.0,2000.0,5.0,2.0,434.0,Suburb,1Story,495797.0
6976.0,1961.0,3.0,1.0,641.0,Downtown,2Story,175118.0
14775.0,1969.0,8.0,1.0,554.0,Rural,2Story,486154.0
12015.0,2002.0,5.0,2.0,714.0,Downtown,Bungalow,223714.0
5419.0,1992.0,7.0,3.0,407.0,Rural,2Story,324699.0
16430.0,1999.0,5.0,2.0,324.0,Rural,2Story,260185.0
9239.0,1978.0,7.0,2.0,337.0,Downtown,1Story,184363.0
16489.0,2006.0,8.0,1.0,538.0,Rural,1Story,485751.0
,1988.0,9.0,1.0,736.0,Downtown,Bungalow,425188.0
12357.0,2005.0,9.0,3.0,267.0,Downtown,Bungalow,311027.0
19154.0,1992.0,6.0,1.0,772.0,Rural,2Story,373958.0
6363.0,1999.0,8.0,1.0,740.0,Rural,1Story,461484.0
12176.0,1972.0,7.0,2.0,582.0,Suburb,Bungalow,372168.0
19461.0,1993.0,5.0,1.0,218.0,Rural,Bungalow,294360.0
10427.0,1987.0,5.0,3.0,649.0,Suburb,Bungalow,471380.0
10580.0,1972.0,7.0,2.0,273.0,Rural,2Story,157836.0
6858.0,1994.0,4.0,3.0,772.0,Downtown,1Story,369579.0
12040.0,2001.0,6.0,2.0,475.0,Rural,Bungalow,355095.0
17254.0,1999.0,2.0,1.0,247.0,Downtown,1Story,432745.0
13470.0,1957.0,9.0,2.0,410.0,Downtown,Bungalow,361176.0
3252.0,1950.0,3.0,2.0,739.0,Downtown,Bungalow,
8996.0,,5.0,1.0,390.0,Suburb,1Story,349717.0
14173.0,1978.0,3.0,1.0,514.0,Rural,1Story,234479.0
6673.0,1954.0,2.0,3.0,762.0,Downtown,1Story,461087.0
17781.0,1996.0,8.0,3.0,761.0,Downtown,2Story,132940.0
15051.0,1983.0,3.0,1.0,312.0,Suburb,Bungalow,105666.0
8881.0,2014.0,2.0,1.0,369.0,Rural,2Story,399266.0
8949.0,2004.0,9.0,1.0,667.0,Rural,1Story,480791.0
11521.0,1992.0,7.0,2.0,213.0,Suburb,Bungalow,256164.0
10017.0,1979.0,4.0,2.0,487.0,Suburb,2Story,491897.0
8941.0,1966.0,9.0,2.0,388.0,Rural,Bungalow,485546.0
12209.0,1975.0,5.0,1.0,354.0,Suburb,2Story,306717.0
19715.0,1957.0,,3.0,766.0,Rural,1Story,463334.0
11550.0,1996.0,3.0,1.0,670.0,Rural,2Story,462612.0
6637.0,2021.0,5.0,2.0,274.0,Downtown,Bungalow,491351.0
6854.0,1995.0,4.0,2.0,476.0,Downtown,Bungalow,126505.0
12320.0,2017.0,7.0,1.0,542.0,Rural,Bungalow,136713.0
6892.0,1982.0,8.0,1.0,624.0,Rural,Bungalow,405313.0
9043.0,1950.0,5.0,2.0,770.0,Rural,1Story,304354.0
18521.0,1968.0,8.0,2.0,710.0,Rural,2Story,177511.0
6164.0,1980.0,2.0,2.0,381.0,Rural,1Story,402666.0
9941.0,1963.0,4.0,1.0,657.0,Rural,1Story,312204.0
16388.0,2002.0,3.0,2.0,263.0,Suburb,1Story,350694.0
7569.0,1997.0,4.0,2.0,459.0,Rural,Bungalow,349836.0
6300.0,2018.0,4.0,3.0,392.0,Suburb,Bungalow,334561.0
8269.0,2011.0,6.0,1.0,605.0,Suburb,Bungalow,461541.0
5818.0,2015.0,4.0,3.0,292.0,Rural,2Story,103880.0
14015.0,2013.0,4.0,3.0,629.0,Rural,Bungalow,143539.0
14234.0,2019.0,9.0,2.0,633.0,Suburb,2Story,340056.0
8254.0,2012.0,5.0,1.0,603.0,Suburb,Bungalow,319057.0
19144.0,2022.0,3.0,2.0,633.0,Rural,Bungalow,114799.0
9350.0,1982.0,9.0,1.0,311.0,Rural,1Story,204843.0
17183.0,1990.0,9.0,3.0,574.0,Suburb,1Story,148784.0
8238.0,1997.0,5.0,1.0,258.0,Suburb,1Story,213034.0
8090.0,1962.0,5.0,2.0,242.0,Suburb,2Story,300598.0
13637.0,2022.0,2.0,2.0,406.0,Downtown,2Story,154362.0
14647.0,1980.0,5.0,2.0,495.0,Suburb,Bungalow,153997.0
11911.0,2017.0,6.0,1.0,317.0,Downtown,2Story,281413.0
10472.0,1953.0,6.0,3.0,731.0,Rural,Bungalow,464543.0
5266.0,1968.0,9.0,3.0,421.0,Rural,2Story,376693.0
2666.0,2019.0,8.0,1.0,365.0,Suburb,2Story,419064.0
6188.0,1962.0,2.0,2.0,355.0,Rural,2Story,316398.0
19055.0,1972.0,8.0,3.0,383.0,Rural,1Story,360464.0
12161.0,1950.0,8.0,2.0,289.0,Rural,2Story,257255.0
13314.0,2003.0,9.0,1.0,293.0,Rural,1Story,456004.0
14891.0,2020.0,7.0,2.0,212.0,Downtown,1Story,124624.0
6777.0,1964.0,9.0,3.0,637.0,Downtown,2Story,293587.0
5900.0,2014.0,3.0,3.0,737.0,Suburb,Bungalow,334784.0
15716.0,,3.0,2.0,786.0,Suburb,Bungalow,146705.0
8981.0,1964.0,5.0,1.0,349.0,Suburb,Bungalow,189326.0
8376.0,1970.0,5.0,2.0,207.0,Rural,2Story,422534.0
18907.0,1968.0,7.0,1.0,228.0,Rural,Bungalow,168369.0
12160.0,2009.0,5.0,2.0,495.0,Downtown,1Story,301893.0
16124.0,1982.0,3.0,3.0,539.0,Downtown,Bungalow,371733.0
18282.0,1998.0,8.0,1.0,638.0,Suburb,2Story,213012.0
12488.0,1984.0,9.0,1.0,343.0,Downtown,Bungalow,435325.0
7240.0,1993.0,4.0,1.0,718.0,Downtown,1Story,275858.0
12453.0,1960.0,6.0,3.0,244.0,Downtown,2Story,325758.0
12478.0,2021.0,4.0,2.0,438.0,Downtown,Bungalow,223711.0
14394.0,2015.0,4.0,3.0,354.0,Downtown,2Story,176425.0
6432.0,1995.0,3.0,1.0,380.0,Suburb,2Story,115994.0
15568.0,1958.0,4.0,2.0,414.0,Suburb,2Story,211915.0
16178.0,1952.0,9.0,3.0,287.0,Downtown,Bungalow,485105.0
19660.0,1975.0,7.0,1.0,455.0,Suburb,2Story,204672.0
2302.0,2021.0,2.0,1.0,710.0,Rural,Bungalow,388783.0
19022.0,1997.0,5.0,3.0,272.0,Downtown,1Story,379349.0
2055.0,2015.0,2.0,3.0,378.0,Rural,Bungalow,418821.0
15013.0,2019.0,8.0,3.0,411.0,Suburb,1Story,132930.0
10717.0,1977.0,9.0,1.0,433.0,Suburb,Bungalow,173313.0
10150.0,1975.0,9.0,3.0,664.0,Rural,2Story,324923.0
4125.0,1974.0,6.0,1.0,422.0,Suburb,Bungalow,213153.0
13479.0,1961.0,9.0,3.0,463.0,Downtown,2Story,380460.0
17745.0,1954.0,5.0,1.0,406.0,Rural,1Story,332911.0
18748.0,1997.0,9.0,1.0,565.0,Downtown,Bungalow,196058.0
8809.0,1986.0,4.0,2.0,475.0,Rural,2Story,187876.0
6621.0,1993.0,6.0,3.0,579.0,Suburb,1Story,185366.0
17034.0,1964.0,5.0,3.0,508.0,Rural,1Story,113403.0
15623.0,1992.0,7.0,1.0,467.0,Rural,Bungalow,442196.0
7126.0,1997.0,7.0,1.0,263.0,Downtown,1Story,348550.0
7122.0,2019.0,7.0,1.0,549.0,Suburb,2Story,361420.0
19302.0,1995.0,7.0,2.0,693.0,Downtown,1Story,435639.0
7870.0,1992.0,4.0,2.0,722.0,Suburb,1Story,263004.0
3531.0,1970.0,9.0,1.0,297.0,Downtown,2Story,458234.0
10172.0,1972.0,2.0,3.0,270.0,Rural,1Story,398845.0
9673.0,1996.0,5.0,3.0,563.0,Downtown,1Story,496601.0
8882.0,1964.0,4.0,2.0,769.0,Suburb,1Story,352396.0
3906.0,1974.0,7.0,2.0,475.0,Suburb,1Story,157241.0
5086.0,1985.0,8.0,1.0,249.0,Rural,2Story,241439.0
15503.0,2000.0,9.0,3.0,557.0,Suburb,1Story,165030.0
10152.0,1964.0,2.0,1.0,763.0,Downtown,2Story,277577.0
7750.0,2017.0,8.0,2.0,684.0,Rural,1Story,264404.0
14772.0,1970.0,6.0,3.0,283.0,Suburb,1Story,307397.0
12267.0,1962.0,8.0,3.0,783.0,Suburb,1Story,205185.0
3062.0,1968.0,6.0,2.0,495.0,Downtown,1Story,136404.0
19680.0,1983.0,6.0,1.0,435.0,Downtown,2Story,155182.0
8229.0,2017.0,7.0,1.0,255.0,Rural,2Story,395135.0
18509.0,2001.0,6.0,3.0,559.0,Suburb,2Story,204601.0
17147.0,1976.0,3.0,2.0,309.0,Downtown,Bungalow,278735.0
6632.0,1978.0,5.0,3.0,391.0,Rural,1Story,428030.0
8288.0,1977.0,5.0,2.0,292.0,Suburb,1Story,222002.0
5596.0,1984.0,7.0,1.0,767.0,Suburb,2Story,445992.0
13475.0,1957.0,3.0,2.0,259.0,Rural,Bungalow,419836.0
8168.0,1965.0,8.0,1.0,238.0,Rural,1Story,325461.0
11795.0,1985.0,4.0,2.0,739.0,Downtown,2Story,399644.0
9561.0,1979.0,8.0,3.0,248.0,Suburb,1Story,395929.0
10258.0,1967.0,9.0,1.0,619.0,Suburb,1Story,184146.0
18616.0,1951.0,4.0,3.0,212.0,Suburb,2Story,147997.0
8371.0,1998.0,6.0,3.0,235.0,Rural,2Story,107170.0
16369.0,1953.0,2.0,1.0,300.0,Downtown,1Story,244375.0
14910.0,1956.0,4.0,1.0,285.0,Suburb,1Story,433887.0
9943.0,1988.0,2.0,3.0,715.0,Rural,2Story,135187.0
14199.0,1962.0,5.0,3.0,422.0,Suburb,1Story,296106.0
17728.0,1980.0,2.0,3.0,537.0,Downtown,1Story,232965.0
8738.0,2020.0,5.0,3.0,365.0,Suburb,2Story,244825.0
17913.0,2012.0,3.0,1.0,582.0,Downtown,1Story,138090.0
4472.0,2005.0,3.0,1.0,575.0,Downtown,1Story,421556.0
17679.0,1991.0,7.0,3.0,670.0,Suburb,Bungalow,353478.0
3761.0,2010.0,7.0,2.0,230.0,Suburb,2Story,418174.0
12167.0,1991.0,6.0,2.0,574.0,Downtown,Bungalow,117509.0
12554.0,2005.0,4.0,1.0,210.0,Rural,Bungalow,168653.0
19260.0,1985.0,6.0,3.0,501.0,Downtown,Bungalow,268001.0
16277.0,2017.0,5.0,3.0,295.0,Suburb,1Story,491770.0
5812.0,1956.0,6.0,1.0,389.0,Suburb,1Story,366186.0
19844.0,2003.0,2.0,2.0,652.0,Rural,Bungalow,293646.0
3605.0,1950.0,5.0,2.0,391.0,Downtown,Bungalow,399345.0
7622.0,1993.0,7.0,2.0,685.0,Downtown,Bungalow,323354.0
8767.0,1994.0,3.0,1.0,465.0,Downtown,1Story,114016.0
13613.0,1996.0,7.0,2.0,623.0,Suburb,Bungalow,387166.0
12589.0,1962.0,4.0,1.0,327.0,Downtown,Bungalow,332034.0
15918.0,1971.0,5.0,1.0,437.0,Rural,2Story,127938.0
15046.0,1970.0,5.0,3.0,554.0,Suburb,2Story,274750.0
4590.0,1958.0,2.0,2.0,311.0,Suburb,1Story,480315.0
19447.0,1975.0,4.0,1.0,645.0,Downtown,2Story,360710.0
6324.0,1958.0,3.0,2.0,542.0,Rural,2Story,332320.0
12787.0,1964.0,8.0,2.0,344.0,Suburb,2Story,423864.0
11111.0,1959.0,5.0,3.0,264.0,Suburb,1Story,467658.0
7342.0,1991.0,5.0,2.0,446.0,Downtown,2Story,287877.0
18389.0,2021.0,2.0,3.0,689.0,Downtown,1Story,233058.0
10659.0,1973.0,6.0,1.0,638.0,Rural,Bungalow,176478.0
16043.0,1998.0,9.0,2.0,305.0,Downtown,2Story,227101.0
10837.0,1975.0,3.0,1.0,380.0,Rural,1Story,456843.0
2117.0,1986.0,7.0,2.0,383.0,Suburb,2Story,291996.0
15917.0,2017.0,4.0,1.0,425.0,Rural,Bungalow,461417.0
16309.0,1999.0,5.0,2.0,288.0,Rural,1Story,305380.0
15234.0,1973.0,5.0,2.0,729.0,Rural,1Story,332200.0
7560.0,1968.0,7.0,2.0,570.0,Suburb,1Story,163745.0
2846.0,2009.0,3.0,2.0,598.0,Downtown,Bungalow,232283.0
12954.0,1988.0,9.0,2.0,305.0,Suburb,Bungalow,493445.0
15703.0,1967.0,6.0,2.0,470.0,Downtown,Bungalow,481116.0
17385.0,1968.0,5.0,2.0,702.0,Rural,1Story,201489.0
15746.0,1985.0,9.0,2.0,724.0,Rural,Bungalow,131819.0
8469.0,2004.0,3.0,2.0,231.0,Rural,2Story,147779.0
11333.0,2018.0,7.0,1.0,592.0,Rural,Bungalow,313493.0
18608.0,1996.0,,3.0,239.0,Rural,1Story,454388.0
14819.0,1998.0,6.0,2.0,417.0,Downtown,2Story,165584.0
6208.0,1982.0,4.0,3.0,281.0,Downtown,Bungalow,246245.0
8283.0,1970.0,5.0,2.0,400.0,Rural,2Story,348815.0
4048.0,1971.0,3.0,2.0,646.0,Suburb,2Story,420176.0
8233.0,1997.0,2.0,1.0,627.0,Suburb,1Story,477218.0
14941.0,1986.0,4.0,1.0,237.0,Rural,2Story,461417.0
14607.0,1964.0,8.0,3.0,410.0,Downtown,2Story,390180.0
11765.0,1984.0,3.0,1.0,643.0,Suburb,1Story,354957.0
3828.0,2020.0,3.0,1.0,526.0,Suburb,1Story,171356.0
3917.0,1981.0,4.0,3.0,426.0,Suburb,1Story,245364.0
8988.0,1960.0,2.0,1.0,247.0,Rural,2Story,103052.0
16594.0,1959.0,8.0,2.0,217.0,Suburb,2Story,406521.0
14977.0,2022.0,9.0,3.0,638.0,Suburb,2Story,298910.0
2009.0,2006.0,9.0,3.0,386.0,Suburb,1Story,429963.0
18644.0,1974.0,7.0,2.0,544.0,Suburb,Bungalow,475833.0
11865.0,1951.0,2.0,1.0,423.0,Downtown,2Story,246692.0
4219.0,2013.0,6.0,3.0,687.0,Rural,Bungalow,130461.0
9041.0,1984.0,5.0,3.0,428.0,Rural,1Story,382894.0
7287.0,1956.0,4.0,2.0,589.0,Downtown,2Story,109472.0
3619.0,1967.0,7.0,2.0,788.0,Downtown,Bungalow,431407.0
10512.0,2016.0,8.0,1.0,387.0,Rural,2Story,212036.0
3342.0,1991.0,4.0,3.0,469.0,Suburb,2Story,288674.0
12568.0,1988.0,4.0,1.0,509.0,Suburb,2Story,387667.0
16231.0,,2.0,1.0,331.0,Rural,Bungalow,261838.0
5490.0,1973.0,5.0,2.0,750.0,Suburb,1Story,465406.0
11310.0,2009.0,6.0,3.0,271.0,Downtown,2Story,166060.0
9984.0,1995.0,9.0,3.0,386.0,Suburb,1Story,371223.0
19988.0,1968.0,3.0,3.0,685.0,Suburb,1Story,239471.0
14219.0,2017.0,3.0,2.0,390.0,Suburb,Bungalow,422870.0
2235.0,1991.0,4.0,2.0,621.0,Rural,Bungalow,455050.0
12161.0,1981.0,9.0,2.0,319.0,Downtown,1Story,378676.0
3908.0,1988.0,9.0,2.0,419.0,Suburb,2Story,484833.0
10567.0,1985.0,5.0,2.0,252.0,Rural,Bungalow,
5530.0,1985.0,8.0,3.0,650.0,Suburb,2Story,496965.0
7256.0,1952.0,8.0,1.0,611.0,Downtown,2Story,373497.0
10162.0,2022.0,7.0,3.0,436.0,Suburb,2Story,212313.0
7415.0,1957.0,2.0,1.0,605.0,Downtown,1Story,128477.0
5391.0,2019.0,5.0,2.0,621.0,Suburb,2Story,255642.0
13157.0,1990.0,5.0,1.0,446.0,Downtown,1Story,186373.0
7951.0,2017.0,2.0,3.0,271.0,Suburb,1Story,269176.0
10007.0,1962.0,9.0,3.0,384.0,Downtown,2Story,294442.0
11064.0,1998.0,8.0,1.0,205.0,Suburb,2Story,104551.0
17524.0,2009.0,8.0,2.0,405.0,Suburb,2Story,168359.0
2077.0,1951.0,9.0,2.0,743.0,Rural,2Story,243988.0
9577.0,2009.0,8.0,3.0,586.0,Rural,1Story,226150.0
18984.0,1954.0,4.0,1.0,275.0,Downtown,2Story,272517.0
16060.0,1993.0,5.0,2.0,376.0,Suburb,2Story,409780.0
19449.0,1976.0,3.0,2.0,548.0,Downtown,1Story,391829.0
12535.0,1981.0,2.0,3.0,454.0,Rural,Bungalow,413278.0
11510.0,1970.0,8.0,2.0,507.0,Downtown,Bungalow,451060.0
8943.0,1957.0,7.0,1.0,544.0,Downtown,1Story,207967.0
13954.0,2021.0,8.0,3.0,326.0,Rural,Bungalow,194455.0
9804.0,1999.0,8.0,3.0,486.0,Suburb,1Story,358835.0
8565.0,2016.0,6.0,1.0,795.0,Downtown,2Story,275405.0
7984.0,1993.0,4.0,3.0,686.0,Rural,2Story,339646.0
6670.0,2007.0,2.0,2.0,582.0,Suburb,Bungalow,289937.0
11184.0,1952.0,6.0,2.0,605.0,Rural,2Story,411900.0
4192.0,2019.0,6.0,1.0,587.0,Downtown,Bungalow,485007.0
3248.0,1951.0,7.0,2.0,724.0,Suburb,Bungalow,161192.0
13246.0,1993.0,5.0,1.0,756.0,Suburb,2Story,291758.0
14790.0,1951.0,7.0,1.0,475.0,Rural,2Story,410877.0
5687.0,1984.0,5.0,2.0,699.0,Rural,Bungalow,335161.0
6018.0,1979.0,,1.0,536.0,Rural,2Story,388137.0
13302.0,1957.0,2.0,2.0,680.0,Suburb,1Story,261564.0
3970.0,1971.0,8.0,3.0,472.0,Suburb,2Story,252053.0
10389.0,1993.0,2.0,3.0,257.0,Downtown,2Story,386287.0
19586.0,2007.0,4.0,1.0,527.0,Suburb,1Story,291349.0
17374.0,1985.0,5.0,2.0,308.0,Downtown,2Story,207044.0
7788.0,2018.0,6.0,2.0,478.0,Rural,2Story,281062.0
7408.0,1980.0,8.0,3.0,527.0,Rural,Bungalow,228406.0
11446.0,1996.0,3.0,3.0,514.0,Suburb,2Story,169351.0
2922.0,2004.0,4.0,2.0,673.0,Rural,2Story,281071.0
2419.0,2011.0,2.0,1.0,310.0,Rural,1Story,334085.0
12789.0,1979.0,7.0,3.0,428.0,Suburb,Bungalow,333883.0
3120.0,2004.0,4.0,1.0,696.0,Downtown,Bungalow,170309.0
13260.0,1965.0,4.0,1.0,355.0,Suburb,Bungalow,261805.0
,1961.0,8.0,3.0,672.0,Downtown,2Story,
4336.0,1966.0,4.0,1.0,471.0,Suburb,Bungalow,438144.0
7373.0,1965.0,4.0,1.0,201.0,Suburb,1Story,121576.0
4243.0,1961.0,3.0,2.0,710.0,Rural,Bungalow,103320.0
6612.0,1957.0,9.0,1.0,485.0,Suburb,1Story,241822.0
15946.0,1952.0,7.0,2.0,212.0,Suburb,Bungalow,203002.0
13104.0,1965.0,7.0,3.0,697.0,Downtown,Bungalow,284535.0
15429.0,1979.0,7.0,3.0,437.0,Rural,1Story,126572.0
8371.0,1972.0,5.0,2.0,293.0,Downtown,Bungalow,380092.0
8359.0,1954.0,6.0,3.0,537.0,Downtown,Bungalow,216528.0
9863.0,2014.0,9.0,1.0,370.0,Rural,Bungalow,269898.0
5228.0,1979.0,7.0,1.0,766.0,Rural,2Story,189051.0
16382.0,1970.0,4.0,1.0,666.0,Rural,1Story,390011.0
4891.0,2019.0,4.0,3.0,342.0,Suburb,Bungalow,291303.0
5756.0,1971.0,7.0,1.0,400.0,Rural,1Story,322428.0
17770.0,2021.0,8.0,3.0,379.0,Rural,1Story,357412.0
18478.0,1981.0,7.0,1.0,563.0,Rural,1Story,303305.0
4674.0,1982.0,4.0,2.0,678.0,Downtown,Bungalow,406822.0
8898.0,1965.0,5.0,3.0,764.0,Downtown,Bungalow,469705.0
12147.0,1987.0,2.0,3.0,670.0,Suburb,1Story,375107.0
2793.0,1963.0,2.0,1.0,583.0,Downtown,2Story,149434.0
4116.0,1985.0,9.0,3.0,616.0,Suburb,1Story,166617.0
7779.0,1972.0,9.0,3.0,507.0,Downtown,2Story,217569.0
14298.0,2015.0,7.0,2.0,566.0,Rural,1Story,307384.0
16153.0,1951.0,3.0,2.0,200.0,Downtown,1Story,459496.0
13111.0,2022.0,7.0,1.0,243.0,Suburb,1Story,441876.0
12789.0,2014.0,8.0,2.0,297.0,Downtown,Bungalow,469792.0
13397.0,2016.0,7.0,1.0,464.0,Rural,2Story,181494.0
14999.0,2001.0,9.0,1.0,339.0,Suburb,2Story,319977.0
2814.0,2011.0,2.0,1.0,680.0,Rural,1Story,177225.0
18729.0,1972.0,4.0,3.0,436.0,Rural,Bungalow,182867.0
12541.0,1975.0,7.0,2.0,271.0,Suburb,Bungalow,268600.0
4443.0,2017.0,4.0,1.0,389.0,Rural,2Story,355669.0
12457.0,2004.0,4.0,2.0,467.0,Rural,Bungalow,441116.0
12380.0,1955.0,3.0,1.0,520.0,Downtown,2Story,458405.0
9783.0,1984.0,4.0,2.0,306.0,Rural,2Story,190748.0
13473.0,1971.0,2.0,2.0,431.0,Rural,2Story,354265.0
19368.0,1992.0,5.0,1.0,241.0,Rural,Bungalow,264404.0
17328.0,1964.0,5.0,3.0,338.0,Rural,2Story,486625.0
2827.0,2009.0,6.0,2.0,472.0,Suburb,2Story,229529.0
9147.0,1961.0,8.0,3.0,680.0,Downtown,1Story,364395.0
6451.0,1998.0,7.0,3.0,615.0,Rural,2Story,461252.0
17343.0,1991.0,8.0,1.0,705.0,Rural,2Story,258099.0
15635.0,1987.0,2.0,1.0,623.0,Suburb,1Story,197382.0
7959.0,1994.0,4.0,1.0,606.0,Rural,1Story,109583.0
2126.0,1984.0,5.0,2.0,767.0,Suburb,Bungalow,150387.0
10795.0,1979.0,8.0,1.0,589.0,Downtown,2Story,385248.0
13641.0,1979.0,2.0,1.0,541.0,Downtown,Bungalow,112224.0
9196.0,1955.0,5.0,2.0,692.0,Rural,Bungalow,422768.0
13559.0,2016.0,4.0,2.0,391.0,Rural,1Story,466464.0
5368.0,1956.0,8.0,1.0,698.0,Rural,Bungalow,327444.0
5797.0,2001.0,5.0,1.0,432.0,Suburb,2Story,440716.0
17114.0,1963.0,7.0,1.0,426.0,Rural,1Story,447613.0
15718.0,2022.0,9.0,1.0,570.0,Rural,2Story,440072.0
3792.0,1964.0,7.0,3.0,338.0,Downtown,2Story,366285.0
13053.0,1970.0,6.0,3.0,348.0,Rural,1Story,254422.0
5476.0,1984.0,6.0,1.0,314.0,Downtown,2Story,433015.0
5417.0,2015.0,5.0,3.0,649.0,Rural,1Story,236149.0
3645.0,1951.0,9.0,2.0,262.0,Downtown,2Story,146015.0
16755.0,1984.0,2.0,3.0,303.0,Rural,1Story,271929.0
5072.0,1969.0,7.0,3.0,472.0,Downtown,Bungalow,332268.0
3854.0,1959.0,2.0,1.0,205.0,Suburb,2Story,290912.0
6662.0,1974.0,9.0,3.0,346.0,Downtown,1Story,422046.0
8514.0,2015.0,2.0,3.0,383.0,Downtown,2Story,105577.0
4708.0,1974.0,9.0,3.0,227.0,Downtown,2Story,382146.0
13694.0,2003.0,5.0,3.0,749.0,Rural,2Story,150711.0
11524.0,1982.0,2.0,2.0,318.0,Rural,1Story,139451.0
8456.0,1985.0,7.0,1.0,492.0,Rural,Bungalow,280175.0
6212.0,1963.0,4.0,1.0,570.0,Suburb,Bungalow,134831.0
15224.0,2014.0,6.0,2.0,443.0,Suburb,Bungalow,349402.0
9970.0,2003.0,4.0,3.0,779.0,Downtown,1Story,331376.0
18920.0,2001.0,2.0,2.0,417.0,Suburb,Bungalow,458642.0
3625.0,1952.0,4.0,3.0,376.0,Downtown,1Story,491093.0
12314.0,1990.0,7.0,2.0,498.0,Downtown,2Story,344942.0
9973.0,1955.0,7.0,1.0,257.0,Downtown,2Story,195119.0
10577.0,1974.0,2.0,1.0,468.0,Suburb,Bungalow,428974.0
10070.0,1962.0,5.0,1.0,507.0,Rural,1Story,442776.0
10666.0,1957.0,4.0,3.0,769.0,Suburb,2Story,398977.0
5600.0,1970.0,5.0,3.0,487.0,Downtown,1Story,343466.0
8783.0,2017.0,5.0,2.0,304.0,Downtown,1Story,323936.0
15226.0,1974.0,9.0,2.0,427.0,Suburb,2Story,386542.0
11146.0,2017.0,3.0,1.0,446.0,Downtown,1Story,161554.0
6971.0,1994.0,2.0,3.0,693.0,Downtown,2Story,150755.0
15490.0,2009.0,6.0,2.0,282.0,Suburb,2Story,253412.0
19589.0,1961.0,7.0,3.0,385.0,Suburb,2Story,427138.0
14951.0,1981.0,7.0,3.0,451.0,Suburb,1Story,163884.0
14312.0,1962.0,2.0,1.0,554.0,Downtown,2Story,446505.0
3990.0,1980.0,9.0,1.0,409.0,Downtown,1Story,117482.0
7299.0,1969.0,8.0,3.0,646.0,Rural,2Story,154225.0
14997.0,1967.0,8.0,3.0,659.0,Rural,2Story,289921.0
15472.0,2009.0,8.0,3.0,671.0,Suburb,Bungalow,174854.0
6380.0,2012.0,9.0,3.0,569.0,Rural,Bungalow,141256.0
6757.0,1955.0,6.0,1.0,691.0,Downtown,Bungalow,340617.0
12395.0,1981.0,7.0,2.0,336.0,Rural,1Story,208721.0
18241.0,1992.0,2.0,1.0,566.0,Downtown,1Story,181110.0
7588.0,1951.0,9.0,2.0,383.0,Suburb,2Story,213606.0
19350.0,2009.0,7.0,3.0,787.0,Suburb,2Story,114650.0
6944.0,1972.0,5.0,2.0,486.0,Downtown,2Story,277190.0
15395.0,1980.0,4.0,1.0,671.0,Rural,2Story,128930.0
19072.0,1954.0,4.0,1.0,574.0,Suburb,1Story,316779.0
6243.0,1983.0,9.0,3.0,736.0,Suburb,2Story,360102.0
11916.0,1959.0,7.0,1.0,710.0,Rural,2Story,462544.0
11984.0,1951.0,3.0,3.0,778.0,Rural,Bungalow,373945.0
3759.0,1960.0,6.0,1.0,449.0,Downtown,2Story,151360.0
11181.0,1999.0,8.0,1.0,709.0,Rural,2Story,450052.0
4482.0,1980.0,6.0,3.0,272.0,Rural,2Story,247631.0
2951.0,2005.0,6.0,2.0,481.0,Rural,1Story,394478.0
4079.0,2022.0,9.0,1.0,559.0,Downtown,Bungalow,336545.0
4717.0,1958.0,5.0,2.0,209.0,Downtown,2Story,113288.0
11692.0,1970.0,6.0,1.0,410.0,Suburb,2Story,253470.0
9311.0,2022.0,4.0,1.0,351.0,Downtown,Bungalow,307302.0
2768.0,1977.0,5.0,1.0,204.0,Suburb,2Story,374335.0
7490.0,2011.0,2.0,1.0,394.0,Rural,1Story,380195.0
17534.0,1956.0,6.0,2.0,482.0,Suburb,2Story,161715.0
8645.0,1965.0,6.0,2.0,663.0,Suburb,1Story,110737.0
7232.0,1953.0,2.0,1.0,312.0,Rural,1Story,165140.0
13485.0,1953.0,6.0,1.0,470.0,Suburb,2Story,256323.0
7797.0,1989.0,2.0,2.0,362.0,Downtown,Bungalow,282047.0
14342.0,1966.0,5.0,3.0,659.0,Downtown,1Story,367291.0
10038.0,2001.0,4.0,3.0,304.0,Downtown,Bungalow,150508.0
18002.0,2001.0,2.0,2.0,755.0,Downtown,2Story,414368.0
15087.0,1985.0,3.0,1.0,481.0,Suburb,1Story,381787.0
6873.0,1987.0,9.0,1.0,361.0,Suburb,2Story,401111.0
3481.0,1999.0,9.0,3.0,550.0,Rural,Bungalow,203535.0
12093.0,2012.0,2.0,3.0,633.0,Suburb,2Story,402877.0
,2012.0,9.0,2.0,339.0,Suburb,2Story,396952.0
18438.0,2011.0,6.0,3.0,670.0,Suburb,1Story,298360.0
9643.0,1956.0,8.0,2.0,331.0,Rural,2Story,158959.0
17708.0,1976.0,8.0,3.0,286.0,Downtown,2Story,495065.0
13271.0,1963.0,9.0,3.0,382.0,Suburb,2Story,430322.0
19216.0,2020.0,5.0,3.0,567.0,Rural,1Story,298208.0
14600.0,1954.0,7.0,1.0,328.0,Rural,Bungalow,291812.0
12998.0,2004.0,5.0,1.0,445.0,Rural,Bungalow,212255.0
16295.0,1951.0,7.0,1.0,777.0,Downtown,2Story,186322.0
12682.0,2011.0,8.0,3.0,577.0,Suburb,1Story,406709.0
18380.0,1970.0,8.0,2.0,348.0,Rural,2Story,101132.0
10519.0,1970.0,2.0,2.0,632.0,Downtown,Bungalow,269331.0
5300.0,1959.0,4.0,2.0,668.0,Rural,1Story,327684.0
8722.0,2007.0,3.0,2.0,645.0,Rural,Bungalow,
9218.0,1988.0,5.0,1.0,680.0,Rural,Bungalow,359427.0
5054.0,1954.0,6.0,1.0,493.0,Rural,1Story,208835.0
15575.0,2014.0,7.0,3.0,342.0,Rural,1Story,242003.0
9970.0,1962.0,9.0,3.0,449.0,Downtown,2Story,358228.0
4143.0,2002.0,6.0,2.0,501.0,Suburb,2Story,173169.0
11503.0,1994.0,4.0,1.0,224.0,Suburb,Bungalow,360529.0
17149.0,1981.0,7.0,2.0,269.0,Suburb,1Story,353608.0
14175.0,1985.0,5.0,3.0,311.0,Suburb,1Story,334385.0
10356.0,2009.0,2.0,3.0,563.0,Downtown,2Story,289973.0
17070.0,1960.0,6.0,2.0,502.0,Downtown,Bungalow,200417.0
2822.0,2012.0,4.0,3.0,670.0,Downtown,Bungalow,101044.0
19327.0,1970.0,5.0,2.0,290.0,Rural,2Story,277763.0
16289.0,2001.0,8.0,1.0,729.0,Rural,1Story,331807.0
8150.0,2004.0,8.0,2.0,391.0,Rural,2Story,124363.0
6425.0,1975.0,5.0,1.0,751.0,Suburb,2Story,408838.0
18032.0,2017.0,5.0,1.0,441.0,Rural,2Story,494798.0
4198.0,1983.0,5.0,3.0,337.0,Suburb,2Story,383445.0
5452.0,2001.0,7.0,3.0,544.0,Rural,1Story,436473.0
11106.0,2001.0,5.0,3.0,379.0,Suburb,2Story,101620.0
15859.0,1978.0,6.0,2.0,702.0,Rural,1Story,424368.0
19692.0,1987.0,4.0,2.0,402.0,Rural,2Story,195419.0
10705.0,1991.0,7.0,3.0,772.0,Downtown,Bungalow,268606.0
12112.0,1970.0,5.0,2.0,391.0,Rural,1Story,482194.0
6841.0,1991.0,3.0,3.0,204.0,Rural,Bungalow,302701.0
17358.0,1962.0,9.0,2.0,436.0,Downtown,2Story,418000.0
3409.0,,3.0,1.0,510.0,Suburb,2Story,280324.0
6566.0,1966.0,4.0,1.0,748.0,Downtown,2Story,417953.0
13382.0,1958.0,8.0,3.0,255.0,Downtown,1Story,122259.0
19939.0,1990.0,2.0,2.0,642.0,Suburb,Bungalow,120655.0
16596.0,1950.0,2.0,2.0,436.0,Rural,1Story,121602.0
2804.0,1951.0,9.0,1.0,396.0,Suburb,1Story,448089.0
15221.0,2009.0,8.0,1.0,784.0,Rural,2Story,242182.0
3279.0,1997.0,7.0,3.0,770.0,Rural,Bungalow,499289.0
15192.0,1978.0,7.0,1.0,713.0,Suburb,2Story,462990.0
9083.0,1959.0,7.0,3.0,648.0,Downtown,1Story,442962.0
13093.0,2007.0,2.0,1.0,559.0,Suburb,2Story,101537.0
